name,domain,what,region,website,github,linkedin_org,community_url,events_url,linkedin_people,tags,related_to,source,founding_year,takes_contributors,careers_url,last_verified
AI Now Institute,tech-ethics / responsible-AI,AI Now Institute is an independent research institute providing expert analysis on artificial intelligence in the public interest.,national,https://ainowinstitute.org,,,,,,AI; research; policy; public interest,,ainowinstitute.org homepage (verified 2026-09-23),,,,2026-09-23
American Foundation for the Blind,disability & accessibility tech,"The American Foundation for the Blind works to expand possibilities for the millions of Americans living with vision loss, and has done so since 1921.",national,https://www.afb.org,,,,,,accessibility; blindness; vision loss; nonprofit,,afb.org homepage (verified 2026-09-23),1921,,,2026-09-23
Ballotpedia,civic-tech,"Ballotpedia is a digital encyclopedia of American politics, covering elections, candidates, and ballot measures.",national,https://ballotpedia.org,,,,,,elections; politics; reference; voting,,ballotpedia.org/Ballotpedia:About (verified 2026-09-23),,,,2026-09-23
Beeck Center for Social Impact and Innovation,govtech,"The Beeck Center at Georgetown University works on building a people-centred, digitally enabled government for all.",national,https://beeckcenter.georgetown.edu,,,,,,govtech; research; public interest technology; university,,beeckcenter.georgetown.edu homepage (verified 2026-09-23),,,,2026-09-23
Benetech,education equity tech,"Benetech is a nonprofit that creates software for social good in education, employment, and social inclusion, and offers free training for educators supporting students with diverse learning needs.",national,https://benetech.org,,,,,,accessibility; education; software for good; nonprofit,,benetech.org/about (verified 2026-09-23),,,,2026-09-23
CarbonPlan,green / climate-tech,"CarbonPlan works on the transparency and scientific integrity of climate solutions, publishing open data and tools alongside its analysis.",national,https://carbonplan.org,,,,,,climate; open data; research; tools,,carbonplan.org homepage (verified 2026-09-23),,,,2026-09-23
Center for Civic Design,civic-tech,"The Center for Civic Design works on election design, so that voters can express their intent clearly. It publishes its research and field guides for election officials.",national,https://civicdesign.org,,,,,,elections; design; accessibility; research,,civicdesign.org homepage (verified 2026-09-23),,,,2026-09-23
Center for Tech and Civic Life,civic-tech,"The Center for Tech and Civic Life works with election officials to modernise the American voting experience, through grants, research, and shared election infrastructure.",national,https://www.techandciviclife.org,,,,,,elections; civic tech; grants; research,,techandciviclife.org homepage (verified 2026-09-23),,,,2026-09-23
Code for America,civic-tech,"Code for America works with governments and communities across the country to break down barriers and find real solutions, and believes government at every level can work well for everyone.",national,https://codeforamerica.org,,,,,,civic tech; government; digital services; nonprofit,,codeforamerica.org/about-us (verified 2026-09-23),,,,2026-09-23
CodeAI,education equity tech,CodeAI is an education nonprofit working so that every student in every school can learn about artificial intelligence and computer science as part of their core K-12 education. It was previously known as Code.org.,national,https://code.org,,,,,,computer science; education; K-12; AI,,code.org/about (verified 2026-09-23),,,,2026-09-23
Coding it Forward,govtech,"Coding it Forward is a nonprofit for early-career technologists. It runs the Coding it Forward Fellowship, a civic tech internship for students and recent graduates.",national,https://www.codingitforward.com,,,,,,public interest technology; fellowship; students; civic tech,,codingitforward.com homepage (verified 2026-09-23),,,,2026-09-23
Community Solutions,housing / homelessness tech,"Community Solutions helps communities act with speed, coordination, and accountability to reduce homelessness, and publishes data on the progress those communities make.",national,https://community.solutions,,,,,,homelessness; housing; data; nonprofit,,community.solutions homepage (verified 2026-09-23),,,,2026-09-23
Crisis Text Line,mental-health tech,"Crisis Text Line provides free, 24-hour, confidential text support for people in crisis, in English and Spanish.",national,https://www.crisistextline.org,,,,,,mental health; crisis support; text messaging; nonprofit,,crisistextline.org homepage (verified 2026-09-23),,,,2026-09-23
Data & Society Research Institute,tech-ethics / responsible-AI,Data & Society is a research institute studying the social implications of data and automation. It argues that technology policy should be grounded in research about technology's real-world effects.,national,https://datasociety.net,,,,,,research; technology policy; data; society,,datasociety.net homepage (verified 2026-09-23),,,,2026-09-23
DataKind,research / education tech,"DataKind works with social sector organisations to design data science and AI projects in areas including health, humanitarian action, climate, and education.",national,https://www.datakind.org,,,,,,data science; nonprofit; volunteers; AI,,datakind.org/about (verified 2026-09-23),2012,,,2026-09-23
Democracy Works,civic-tech,"Democracy Works builds tools and delivers election information that help millions of Americans vote, with the aim of removing the gaps that keep turnout low.",national,https://www.democracy.works,,,,,,voting; elections; civic tech; information,,democracy.works/about (verified 2026-09-23),,,,2026-09-23
Electronic Frontier Foundation,human-rights tech,"The Electronic Frontier Foundation defends civil liberties in the digital world. It litigates, campaigns, and publishes tools and guides on privacy, free speech, creativity, and surveillance.",national,https://www.eff.org,,,,,,digital rights; privacy; free speech; surveillance,,eff.org/about (verified 2026-09-23),,,,2026-09-23
EveryoneOn,digital-inclusion,"EveryoneOn connects under-resourced communities to affordable internet and computers, trains people and organisations in digital skills, and works for fair access policies.",national,https://www.everyoneon.org,,,,,,digital inclusion; affordable internet; devices; digital skills,,everyoneon.org/about (verified 2026-09-23),,,,2026-09-23
Feeding America,food-rescue / food-security tech,Feeding America is a nonprofit network of 200 food banks working to end hunger in the United States.,national,https://www.feedingamerica.org,,,,,,food security; food banks; hunger; nonprofit,,feedingamerica.org homepage (verified 2026-09-23),,,,2026-09-23
Freedom of the Press Foundation,human-rights tech,"Freedom of the Press Foundation builds and supports secure tools for journalists, and campaigns against threats to press freedom.",national,https://freedom.press,,,,,,press freedom; journalism; security tools; encryption,,freedom.press homepage (verified 2026-09-23),,,,2026-09-23
GovTrack,civic-tech,"GovTrack tracks legislation and votes in the United States Congress and actions by the White House, and publishes the record where anyone can follow it.",national,https://www.govtrack.us,,,,,,congress; legislation; transparency; open data,,govtrack.us homepage (verified 2026-09-23),,,,2026-09-23
Kapor Center,digital-inclusion,"The Kapor Center is a family of organisations working to remove barriers for people of colour in the technology sector, through research, programmes, advocacy, and investment.",national,https://www.kaporcenter.org,,,,,,racial equity; tech sector; research; investment,,kaporcenter.org homepage (verified 2026-09-23),,,,2026-09-23
Knowbility,disability & accessibility tech,"Knowbility is a nonprofit based in Austin, Texas working to create an inclusive digital world for people with disabilities, through training, consulting, and advocacy. It was founded in 1999.",south-central,https://knowbility.org,,,,,,accessibility; disability; training; consulting,,knowbility.org/about (verified 2026-09-23),1999,,,2026-09-23
Open States,open-data,"Open States publishes data on state legislatures across the United States. It covers who the legislators are, what they sponsor, and how they vote.",national,https://openstates.org,,,,,,state legislatures; open data; legislation; api,,openstates.org homepage (verified 2026-09-23),,,,2026-09-23
ProPublica,journalism / media-tech,"ProPublica is an independent, non-profit newsroom that produces investigative journalism in the public interest.",national,https://www.propublica.org,,,,,,investigative journalism; nonprofit news; public interest,,propublica.org homepage (verified 2026-09-23),,,,2026-09-23
Public Knowledge,human-rights tech,"Public Knowledge promotes freedom of expression, an open internet, and access to affordable communications tools and creative works, through policy work on behalf of the public interest.",national,https://publicknowledge.org,,,,,,internet policy; open internet; free expression; advocacy,,publicknowledge.org homepage (verified 2026-09-23),,,,2026-09-23
Rewiring America,green / climate-tech,"Rewiring America works on electrifying American households, with the aim of clean energy that every household can afford.",national,https://www.rewiringamerica.org,,,,,,electrification; clean energy; households; climate,,rewiringamerica.org homepage (verified 2026-09-23),,,,2026-09-23
U.S. Federation of Worker Cooperatives,worker-coop / platform-coop tech,"The U.S. Federation of Worker Cooperatives is the national membership organisation for worker cooperatives and democratic workplaces. It represents an estimated 1,300 US worker co-ops and their 15,000 workers.",national,https://usworker.coop,,,,,,worker cooperatives; economic democracy; membership; advocacy,,usworker.coop/about (verified 2026-09-23),,,,2026-09-23
USAFacts,open-data,"USAFacts publishes a nonpartisan view of the state of the country, built from government data and free for anyone to use.",national,https://usafacts.org,,,,,,open data; government data; statistics; nonpartisan,,usafacts.org homepage (verified 2026-09-23),,,,2026-09-23
Vote.org,civic-tech,"Vote.org is a nonpartisan service for registering to vote, checking a registration, and requesting an absentee ballot.",national,https://www.vote.org,,,,,,voting; registration; elections; nonpartisan,,vote.org homepage (verified 2026-09-23),,,,2026-09-23
